age,gender,marital_status,race,annual_income,credit_score,loan_amount,loan_duration,loan_type,interest_rate,loan_approved,loan_defaulted
56,Male,Single,Hispanic,93851,453,31553,1,Home Loan,3.554357798,0,0
69,Male,Married,Asian,28036,565,49331,28,Home Loan,9.955160729,1,0
46,Male,Married,Other,51778,378,35497,10,Home Loan,13.95126032,1,0
32,Female,Single,Hispanic,47734,614,36308,9,Home Loan,5.12821634,1,0
60,Male,Married,Hispanic,43173,547,44560,23,Car Loan,3.084514975,1,0
25,Male,Married,White,50403,713,15374,4,Education Loan,12.66595255,1,0
38,Male,Single,White,86321,324,9675,28,Education Loan,3.921548211,1,0
56,Female,Single,Other,91675,583,6170,6,Car Loan,7.964472383,0,0
36,Female,Married,Hispanic,26344,748,46449,16,Personal Loan,11.14664805,0,1
40,Male,Single,Black,38800,600,48485,2,Education Loan,5.841571025,0,0
28,Male,Married,White,45372,367,17450,23,Personal Loan,4.007550761,1,1
28,Male,Married,Other,81516,306,15680,18,Education Loan,12.24025474,0,0
41,Male,Married,Hispanic,40538,436,15068,10,Personal Loan,10.56210102,0,0
53,Female,Married,Hispanic,83918,463,40230,24,Car Loan,14.86188581,1,0
57,Female,Single,Black,34973,382,31206,24,Home Loan,7.1316964,0,0
41,Female,Single,Other,91155,719,5287,17,Personal Loan,3.741148635,0,0
20,Female,Single,Hispanic,79500,372,27337,13,Home Loan,11.81220042,0,0
39,Male,Single,White,56575,536,25666,24,Personal Loan,9.260801026,1,0
19,Male,Married,Black,62261,345,6161,18,Personal Loan,5.558447177,1,0
41,Male,Married,Other,47716,561,40131,22,Personal Loan,12.38074787,0,0
61,Female,Single,Black,23236,475,29535,13,Personal Loan,5.44506583,1,0
47,Male,Married,White,35848,465,37528,17,Personal Loan,6.127939858,1,0
55,Female,Married,Other,22352,669,43751,5,Home Loan,4.110342652,1,1
19,Female,Married,Black,21932,353,21527,11,Personal Loan,7.793187348,1,0
38,Male,Single,Asian,96449,718,45975,7,Home Loan,8.027150687,1,0
50,Male,Single,White,28556,806,28853,29,Car Loan,9.174741484,1,0
29,Male,Single,White,106836,640,19758,10,Education Loan,11.50757121,0,0
39,Female,Married,White,25498,426,5244,17,Personal Loan,13.87321114,0,0
61,Male,Single,Asian,96118,708,8178,15,Education Loan,4.652809187,0,0
42,Female,Single,Asian,70098,666,36831,18,Home Loan,3.65217718,1,0
66,Male,Single,Hispanic,84386,570,7176,23,Car Loan,3.222374803,1,0
44,Female,Single,Black,29569,678,42770,22,Car Loan,4.723456537,1,0
59,Female,Single,Hispanic,76882,372,38654,19,Car Loan,10.89539383,0,0
45,Male,Single,Black,90393,547,31627,26,Education Loan,11.72972494,1,0
33,Female,Married,Asian,20340,342,49910,2,Home Loan,12.43806856,1,0
32,Female,Married,Asian,63949,676,29881,26,Personal Loan,5.924498543,1,0
64,Male,Single,Hispanic,102302,340,40422,4,Personal Loan,6.670737759,1,0
68,Female,Single,Other,82443,469,16984,3,Home Loan,8.797615747,1,1
61,Male,Married,Hispanic,111668,511,28776,7,Education Loan,3.758197162,1,0
69,Female,Married,Black,94027,792,22755,24,Personal Loan,10.33369828,1,0
20,Male,Single,Hispanic,20138,338,12135,18,Home Loan,14.8048204,1,0
54,Male,Single,White,20358,668,5320,10,Personal Loan,7.329675737,0,0
68,Female,Single,Black,95250,450,42422,7,Car Loan,12.0341697,0,1
24,Female,Single,Black,105376,410,33635,8,Personal Loan,9.000406987,1,0
38,Female,Married,Other,119931,779,26684,6,Education Loan,4.533742132,0,0
26,Female,Single,Asian,50654,735,28238,22,Home Loan,9.986849386,1,0
56,Female,Single,Black,45879,346,26889,26,Education Loan,6.598491221,0,0
35,Male,Single,Asian,101532,665,35313,1,Home Loan,3.412838501,1,0
21,Female,Single,Hispanic,75778,368,37535,4,Car Loan,10.61915676,0,0
42,Male,Married,White,57772,598,15770,14,Home Loan,13.30718819,0,0
31,Male,Married,Other,78478,595,44321,17,Personal Loan,7.137237203,1,0
67,Female,Married,Asian,84353,502,25426,20,Personal Loan,7.683546567,0,0
26,Male,Single,Black,46762,360,49327,18,Car Loan,13.6922602,0,0
43,Male,Single,Asian,33283,613,46777,11,Home Loan,12.76330576,0,1
19,Male,Married,Black,83922,460,12498,29,Car Loan,11.57943388,1,0
37,Male,Single,Asian,59420,630,44404,21,Personal Loan,5.985564765,0,0
45,Female,Single,Black,75568,827,45130,26,Education Loan,13.92259986,1,0
64,Male,Married,Hispanic,105090,637,21395,14,Car Loan,4.85298909,1,0
24,Female,Married,Black,40219,603,7537,9,Education Loan,10.52124623,1,0
61,Female,Married,Black,77169,802,24226,27,Education Loan,3.345614167,1,0
25,Male,Married,White,94965,637,20216,15,Home Loan,10.72463768,1,0
64,Female,Single,Black,66840,849,23613,12,Car Loan,6.325732222,0,0
52,Female,Single,White,64695,574,8009,10,Education Loan,8.396123726,1,0
31,Female,Married,Other,104754,463,29368,19,Education Loan,7.143174625,0,0
34,Male,Single,White,97988,742,34327,24,Home Loan,5.073081075,1,0
53,Female,Married,Hispanic,78342,618,19209,19,Home Loan,10.46376948,1,1
67,Female,Married,White,38951,803,20029,6,Personal Loan,13.58370666,1,0
57,Female,Single,Other,21307,686,7077,20,Education Loan,14.50901091,1,0
21,Male,Married,Hispanic,100388,793,18907,24,Personal Loan,5.308156358,0,0
19,Female,Single,Asian,110768,789,41635,27,Education Loan,11.60847329,1,0
23,Male,Single,Asian,55428,372,9873,6,Personal Loan,10.9720724,1,0
59,Male,Single,White,112021,808,13635,8,Home Loan,7.120533475,0,0
21,Male,Single,White,95774,689,38065,1,Car Loan,3.229190392,1,0
46,Male,Married,Other,58975,594,46804,22,Home Loan,11.27749497,1,0
35,Male,Single,Other,21140,668,38783,17,Personal Loan,14.34593833,1,0
43,Male,Married,Black,44842,848,39152,17,Personal Loan,10.58544146,1,0
61,Female,Married,Other,46421,486,46513,24,Car Loan,8.22351269,0,0
51,Male,Married,Black,21708,744,34092,15,Education Loan,9.301846729,0,0
27,Female,Married,Hispanic,23630,662,22653,7,Personal Loan,5.395545692,1,0
53,Female,Single,White,39595,422,37463,19,Personal Loan,12.00652997,1,0
31,Male,Single,Hispanic,96021,487,39028,22,Personal Loan,11.95703796,0,0
48,Female,Married,Other,48308,719,45469,25,Car Loan,4.746207605,0,0
65,Female,Married,Hispanic,64789,551,25947,23,Home Loan,13.53574059,1,0
32,Female,Single,Hispanic,75690,848,34978,28,Personal Loan,6.230276874,0,0
25,Female,Married,Hispanic,46086,634,27056,3,Car Loan,14.78707273,0,1
31,Male,Single,Other,36859,391,34007,29,Personal Loan,7.594836168,0,0
40,Female,Married,Hispanic,27684,829,48169,22,Education Loan,5.134608705,0,0
57,Male,Single,Black,111088,362,49632,11,Car Loan,7.220641336,1,0
38,Female,Married,Other,21207,811,10543,20,Personal Loan,8.282163944,1,0
33,Female,Married,Hispanic,66099,438,26067,29,Car Loan,3.831693276,0,0
62,Male,Single,Other,87496,484,30097,19,Personal Loan,9.938620575,0,0
35,Female,Married,Asian,86093,504,47847,9,Home Loan,10.17158928,0,0
64,Female,Married,Black,49689,513,48512,10,Personal Loan,11.86716546,1,0
41,Female,Single,Hispanic,68651,555,8809,2,Car Loan,3.350038707,0,0
43,Male,Married,Asian,33893,434,27191,1,Education Loan,9.494858573,1,0
42,Female,Single,Asian,117808,387,26267,16,Education Loan,3.634889199,1,0
62,Male,Single,Other,86418,506,12206,18,Education Loan,11.41373064,0,0
58,Female,Married,Asian,80011,428,26057,23,Personal Loan,3.668735828,0,0
46,Male,Married,Black,58635,302,33992,26,Home Loan,13.94073418,0,0
32,Male,Married,Black,76115,420,20995,17,Personal Loan,11.4249908,1,0
62,Female,Married,White,115071,684,49439,6,Education Loan,9.088677181,1,0
18,Female,Married,Black,98405,337,18210,14,Car Loan,8.298047079,0,0
42,Male,Married,Asian,92702,640,22793,23,Education Loan,4.568071565,1,0
24,Male,Married,Black,98518,320,31270,25,Car Loan,6.491992675,0,0
26,Female,Single,Other,92805,541,10197,15,Home Loan,13.42750926,1,1
41,Male,Married,White,78954,754,12452,14,Car Loan,13.85343374,1,0
18,Female,Single,Asian,48064,602,46486,24,Personal Loan,3.0089725,1,0
61,Female,Married,White,99063,368,19859,22,Personal Loan,10.1296367,1,0
25,Female,Married,Asian,22454,428,32236,3,Personal Loan,11.63160731,1,0
41,Female,Single,Other,40878,495,36899,24,Car Loan,10.42496379,1,0
28,Male,Married,White,71098,439,37083,23,Personal Loan,3.980157178,1,0
68,Female,Married,Hispanic,82154,743,7172,19,Personal Loan,5.612698786,1,0
34,Male,Single,Asian,32991,582,21663,25,Personal Loan,6.004083209,0,0
25,Female,Married,Hispanic,88344,611,32540,12,Home Loan,12.98069558,0,1
52,Male,Married,White,56593,834,24053,2,Car Loan,8.558393236,1,0
52,Female,Married,Hispanic,56304,576,16085,3,Car Loan,8.841938543,1,0
50,Male,Single,Hispanic,50386,360,35564,18,Education Loan,14.21871656,1,0
22,Male,Married,White,75220,618,29209,29,Car Loan,10.64503067,1,0
59,Female,Married,Other,89338,351,8981,1,Home Loan,13.78401242,1,0
56,Female,Married,Hispanic,114289,452,26153,20,Car Loan,8.478106264,1,0
58,Female,Married,Hispanic,41083,610,10247,21,Home Loan,4.793235102,1,0
45,Female,Single,Other,38354,843,15553,29,Home Loan,14.15922713,1,0
24,Male,Single,Hispanic,42190,688,25811,6,Car Loan,8.504461388,0,0
26,Female,Married,Hispanic,26142,847,34845,5,Education Loan,5.179577063,0,0
25,Male,Married,Hispanic,48398,476,11135,1,Personal Loan,6.628748884,1,0
29,Male,Single,Black,71971,661,10573,19,Personal Loan,3.609631076,0,0
51,Female,Single,Other,61862,613,18731,1,Car Loan,8.619607097,1,0
50,Male,Married,Hispanic,118668,396,12189,27,Car Loan,13.23753806,0,0
65,Male,Single,Other,73410,512,19541,21,Home Loan,14.20296547,0,0
40,Male,Married,Asian,39503,436,48646,21,Car Loan,14.19122649,1,0
41,Male,Single,Asian,68456,305,16087,16,Home Loan,4.502760308,1,0
54,Female,Single,Hispanic,102035,408,7776,12,Education Loan,7.58464659,0,0
52,Female,Single,Other,28016,846,47079,27,Car Loan,3.338745116,1,0
61,Female,Single,Other,22384,338,32564,29,Personal Loan,13.26198414,1,0
57,Female,Married,Other,82320,724,33835,22,Personal Loan,7.305069144,1,0
39,Male,Single,Black,35072,560,12697,8,Car Loan,10.57340433,0,0
44,Male,Single,Asian,100018,725,19629,26,Home Loan,11.57878126,1,0
52,Female,Married,Other,60510,386,13386,16,Personal Loan,8.158136037,1,0
18,Female,Single,Other,68933,764,22046,28,Home Loan,6.677308039,0,1
52,Female,Single,Black,41826,375,13044,1,Car Loan,14.54655492,1,0
54,Male,Married,Black,88026,770,14615,4,Car Loan,14.5738587,1,0
64,Female,Single,Other,45518,713,10060,10,Personal Loan,6.473236416,1,0
31,Female,Married,White,44045,756,15900,11,Car Loan,8.755501161,1,0
20,Female,Married,Other,70876,584,10581,17,Education Loan,14.6741299,0,0
18,Male,Married,Other,112446,538,39782,25,Education Loan,3.058420892,0,0
22,Male,Married,Black,110102,671,25173,27,Personal Loan,7.952138981,1,0
43,Male,Single,Black,71919,794,17997,23,Education Loan,4.205490596,1,0
31,Male,Married,Other,119441,344,48403,7,Home Loan,9.109895587,1,0
56,Male,Single,Other,47103,700,12148,12,Personal Loan,3.296039454,1,0
44,Male,Single,Other,56188,546,23748,21,Personal Loan,7.882781177,0,1
26,Male,Single,Black,25845,749,19022,7,Home Loan,5.648388897,0,0
32,Male,Single,Other,106698,784,25013,12,Education Loan,9.39970035,1,0
32,Female,Single,Other,56674,317,43687,15,Education Loan,14.95192379,0,0
43,Female,Single,Hispanic,39337,588,20886,2,Education Loan,12.60643326,1,0
59,Male,Single,White,42313,713,30256,14,Personal Loan,13.1477051,0,1
30,Male,Single,Asian,46943,534,35005,13,Personal Loan,10.62317985,1,0
68,Female,Single,White,97949,715,11638,4,Education Loan,3.498718179,0,0
49,Male,Single,Hispanic,20276,798,42419,14,Car Loan,5.481572113,1,0
56,Male,Married,Asian,71151,414,38377,14,Education Loan,14.10077468,1,0
66,Male,Married,Other,37611,533,45708,16,Home Loan,7.393357415,0,0
69,Female,Married,Hispanic,31944,839,48116,7,Personal Loan,4.243640718,0,0
49,Female,Single,Other,72887,310,41634,19,Home Loan,11.42886439,0,1
21,Female,Married,Black,101442,505,21755,2,Home Loan,6.593492687,1,1
47,Female,Married,Hispanic,69847,546,28382,10,Personal Loan,6.226282955,0,1
54,Female,Married,Black,78653,426,27394,18,Car Loan,14.97572947,1,0
40,Male,Single,Hispanic,106072,446,7253,29,Education Loan,13.2976671,1,0
56,Female,Single,Hispanic,76622,417,42710,17,Home Loan,7.89525382,1,0
62,Male,Single,Black,47810,681,5864,5,Personal Loan,14.76313449,0,0
32,Male,Single,Asian,97842,711,39036,12,Home Loan,10.80135868,1,0
60,Female,Married,White,30503,662,45222,6,Education Loan,11.90426942,0,0
46,Female,Married,Other,104761,808,18666,22,Car Loan,3.378156517,1,0
53,Male,Married,Hispanic,56976,436,25955,9,Car Loan,4.459263112,1,0
30,Male,Married,Other,31590,474,42997,20,Car Loan,10.59702152,1,1
49,Male,Single,Black,30886,588,21309,1,Personal Loan,13.78828779,1,0
24,Female,Single,Other,32866,780,9054,22,Personal Loan,10.48492471,0,1
68,Female,Single,Black,86624,318,5935,15,Car Loan,4.608298732,0,0
39,Female,Married,Other,88899,494,49940,21,Education Loan,4.389120555,1,0
45,Female,Single,White,52792,629,27778,26,Education Loan,13.13023075,0,0
19,Female,Single,White,29764,474,48298,6,Personal Loan,4.671628064,1,0
59,Male,Married,White,106156,748,21709,19,Car Loan,9.242783526,1,1
62,Female,Married,White,62727,653,14726,18,Education Loan,3.44535984,1,0
23,Male,Single,White,98471,798,45542,6,Education Loan,3.968037209,1,0
45,Male,Single,White,28068,440,25245,13,Education Loan,11.06817921,1,0
45,Male,Single,Black,27295,392,39753,1,Personal Loan,11.27017693,1,0
61,Female,Single,Hispanic,61160,538,19252,23,Car Loan,7.097632879,1,0
61,Female,Single,Other,31390,504,26316,23,Home Loan,5.587317183,1,1
37,Female,Single,White,40131,732,42371,26,Car Loan,12.76452325,0,0
47,Male,Married,Black,114754,544,24162,13,Car Loan,5.605238754,0,0
28,Male,Married,Black,95969,616,20960,7,Personal Loan,9.504324836,1,0
45,Male,Married,Black,35038,594,35791,15,Education Loan,14.61850609,1,0
42,Male,Single,Hispanic,72327,581,47230,12,Education Loan,4.774229254,1,0
56,Male,Married,Other,113718,316,30216,27,Personal Loan,14.29051521,0,1
50,Male,Single,Hispanic,97064,370,37467,26,Personal Loan,5.194716637,0,0
18,Female,Single,Asian,41281,568,12754,1,Personal Loan,9.809318496,0,0
44,Female,Married,Black,74189,624,9078,15,Personal Loan,7.524092544,0,0
69,Female,Single,Asian,68511,604,17853,4,Personal Loan,14.57914322,0,0
30,Female,Single,White,28605,750,9042,13,Home Loan,6.282504348,1,0
58,Male,Married,White,21381,306,19389,23,Car Loan,7.795896025,1,0
20,Male,Married,Hispanic,86634,613,35425,27,Car Loan,14.79432141,1,0
56,Female,Married,Other,39810,402,7575,25,Car Loan,9.437644694,0,0
23,Male,Single,Asian,44322,492,44522,5,Education Loan,9.031561387,0,0
25,Female,Married,Other,61869,828,33179,29,Home Loan,6.093341858,1,0
44,Female,Married,Hispanic,52955,470,39754,2,Car Loan,11.41636272,1,0
26,Female,Single,White,81388,836,23624,23,Education Loan,3.172475421,0,0
54,Male,Married,Other,30207,550,25350,26,Home Loan,3.594151556,1,0
50,Female,Married,Other,107329,686,31681,1,Home Loan,10.19230305,0,0
68,Female,Married,White,87628,506,28988,16,Education Loan,7.100094886,1,0
59,Female,Single,Asian,48220,840,20470,23,Home Loan,14.43979647,1,0
61,Male,Single,White,104050,715,29704,6,Education Loan,13.83828829,0,1
41,Male,Single,Other,94085,679,43736,23,Car Loan,11.5644751,1,0
32,Female,Single,Asian,42031,443,34377,16,Education Loan,12.81774697,0,0
49,Male,Married,Asian,90721,324,33572,14,Home Loan,11.0079822,1,1
49,Male,Single,White,100807,372,12493,29,Car Loan,4.506985233,1,0
41,Male,Single,Other,91312,392,9103,26,Car Loan,12.18652044,1,0
58,Male,Married,Hispanic,79766,804,39844,3,Personal Loan,5.522303625,1,0
69,Male,Married,Other,32449,635,7994,15,Personal Loan,6.881314261,1,0
66,Male,Married,Black,109833,724,8744,3,Home Loan,12.83081055,0,0
66,Male,Single,Hispanic,76699,798,32332,23,Education Loan,9.438307301,1,0
69,Male,Single,Asian,101253,663,10594,29,Education Loan,13.31928857,0,0
29,Male,Single,Hispanic,66092,498,45299,2,Home Loan,5.556423838,0,1
56,Male,Married,Asian,83671,712,12371,1,Car Loan,10.29334126,1,0
19,Female,Married,Asian,30350,638,23028,9,Home Loan,4.005491671,0,0
20,Female,Single,Hispanic,116158,728,40912,9,Home Loan,10.71673192,0,0
66,Male,Married,Asian,88487,438,18990,23,Car Loan,12.15040845,1,0
54,Female,Married,Asian,37622,841,21626,7,Education Loan,10.01917073,0,0
66,Female,Married,Black,90263,356,25469,3,Home Loan,6.194778018,1,0
34,Male,Single,Other,73117,531,45722,26,Education Loan,3.376112026,0,0
66,Male,Married,Other,78394,734,45037,18,Home Loan,4.433386608,0,0
19,Male,Married,Black,43782,683,12130,11,Car Loan,10.46763575,0,0
19,Female,Single,Hispanic,48454,493,11828,7,Car Loan,14.2130426,1,0
45,Female,Single,White,87904,833,46612,9,Personal Loan,5.478412848,1,0
40,Male,Married,White,35592,817,44099,1,Car Loan,11.82031379,0,0
54,Male,Married,White,42173,484,22883,29,Personal Loan,13.39741276,0,0
49,Male,Single,Black,53204,591,48059,14,Home Loan,9.250586141,1,0
50,Female,Single,Black,55596,634,23542,20,Education Loan,11.03118955,0,0
18,Female,Married,Asian,54324,415,47932,6,Car Loan,12.7801838,1,0
36,Female,Married,White,81202,348,15450,7,Car Loan,6.128101893,0,0
19,Female,Married,Hispanic,109400,381,25423,10,Car Loan,6.562748091,1,0
61,Male,Married,Hispanic,50750,632,7035,7,Home Loan,3.0075302,0,0
43,Male,Single,White,96112,634,49231,26,Personal Loan,14.55712957,1,0
49,Male,Married,White,36566,831,45745,2,Home Loan,14.01053874,1,0
23,Male,Married,White,27190,520,22241,4,Education Loan,12.17481917,1,0
49,Female,Single,Black,108607,622,28154,21,Home Loan,3.948912252,0,0
21,Female,Married,Black,58333,302,30625,28,Education Loan,8.370034676,1,0
28,Male,Single,Black,100905,505,49950,17,Car Loan,4.222701048,1,0
34,Male,Married,Other,109571,339,38066,1,Education Loan,3.191043207,0,0
55,Female,Married,Hispanic,21589,358,38691,10,Education Loan,10.39419558,0,0
41,Male,Single,Hispanic,45235,806,18331,19,Personal Loan,14.529953,1,0
22,Female,Single,Asian,20159,421,25690,15,Education Loan,13.83441628,0,0
69,Male,Married,Black,32145,778,24183,10,Education Loan,11.36105778,1,0
51,Male,Married,Other,100909,395,44346,19,Home Loan,4.15968701,1,0
23,Male,Married,Other,51921,713,9875,12,Car Loan,6.289968452,1,0
39,Male,Single,Hispanic,36237,534,17254,24,Home Loan,6.840680723,1,0
28,Male,Married,Black,28244,361,33621,16,Home Loan,12.15780069,1,0
65,Male,Single,Asian,34743,555,15905,9,Car Loan,12.62699015,0,0
33,Male,Single,Black,117102,647,20882,15,Car Loan,7.621273476,1,0
50,Female,Married,White,66101,423,24041,27,Education Loan,8.014607959,0,0
26,Female,Single,Black,104227,781,34098,28,Education Loan,3.534108471,1,0
23,Female,Married,White,119532,616,47431,17,Personal Loan,6.469640621,1,1
33,Female,Married,White,76378,803,38709,14,Home Loan,8.415422126,0,0
46,Female,Married,Asian,91126,347,39675,27,Car Loan,4.403796557,1,0
20,Male,Married,Hispanic,76071,708,9837,18,Education Loan,8.439209529,0,0
37,Male,Married,Black,91121,435,29489,26,Car Loan,13.23810975,1,0
53,Female,Single,White,94763,500,22627,2,Education Loan,9.975852237,1,0
36,Male,Single,Black,113814,549,10696,4,Personal Loan,3.94715826,1,0
43,Female,Married,Hispanic,32237,613,18543,18,Personal Loan,5.300055826,0,0
20,Female,Married,Hispanic,35649,667,17615,7,Car Loan,8.694532202,1,0
36,Male,Single,Other,57713,728,6466,13,Personal Loan,7.337845798,1,0
37,Male,Single,Hispanic,93463,779,35771,15,Car Loan,7.304724235,0,0
49,Male,Single,Asian,65409,613,23350,25,Education Loan,9.351209378,1,1
24,Female,Single,White,68766,799,5375,23,Home Loan,10.01275106,0,0
69,Male,Married,Other,66154,654,38030,28,Personal Loan,12.56233884,1,0
58,Female,Married,Asian,27016,784,25746,22,Education Loan,7.091598762,1,0
50,Female,Single,Black,99563,510,27886,26,Home Loan,12.6655954,1,0
57,Female,Married,White,68688,343,49348,1,Home Loan,7.063334749,1,0
56,Male,Single,Hispanic,109678,840,47904,11,Home Loan,3.665195867,1,0
35,Male,Married,White,74238,391,37651,10,Education Loan,9.650251812,1,0
57,Female,Single,Black,78608,564,12833,25,Education Loan,10.0548279,0,0
18,Male,Married,Other,109081,519,6893,5,Car Loan,14.21448295,0,0
28,Male,Single,Other,51897,741,35573,16,Home Loan,11.71273591,1,0
45,Male,Single,Other,70961,700,36371,11,Home Loan,14.01327183,1,1
42,Female,Married,Hispanic,88703,699,45874,21,Home Loan,13.90016652,1,0
67,Female,Single,Asian,64757,789,16826,6,Car Loan,10.25488932,0,0
40,Male,Married,Asian,46917,784,39420,9,Home Loan,9.333144784,0,0
48,Female,Married,White,42736,769,26924,13,Education Loan,9.689291606,0,0
47,Male,Single,Hispanic,47990,744,38367,24,Home Loan,14.73996969,1,0
59,Male,Married,Other,82551,568,26199,8,Personal Loan,12.2780123,1,0
52,Male,Married,Other,78161,566,30868,14,Education Loan,4.275190858,0,0
24,Male,Married,Black,99623,353,13792,24,Car Loan,12.34114088,0,0
33,Female,Married,Black,42440,827,25597,1,Home Loan,5.046456587,1,0
43,Female,Married,Other,55205,819,41405,17,Personal Loan,8.368206588,0,0
65,Female,Single,Other,100811,358,37696,24,Car Loan,5.525516066,1,0
69,Male,Married,Hispanic,75103,339,48123,5,Car Loan,11.27499679,0,0
66,Male,Married,Asian,90812,536,20989,25,Education Loan,13.52771683,1,0
19,Male,Married,Black,61627,685,33931,2,Car Loan,6.484342624,1,0
18,Female,Married,Asian,39008,599,14290,25,Car Loan,3.984128894,1,1
65,Male,Married,Hispanic,91274,694,43367,28,Car Loan,6.581917177,0,1
29,Female,Single,Other,52402,506,19342,24,Car Loan,11.0683423,0,0
22,Female,Married,Asian,73384,635,29941,9,Home Loan,6.945121531,1,0
54,Female,Single,Other,25793,813,18945,4,Home Loan,6.337346011,1,0
49,Female,Single,Other,25571,477,15762,17,Home Loan,5.213222287,0,0
26,Female,Single,White,116867,695,35133,17,Home Loan,8.970197122,0,0
58,Female,Single,Asian,36209,670,45150,21,Personal Loan,6.311385938,1,0
52,Male,Married,Asian,110930,617,32052,18,Home Loan,11.77212419,1,0
36,Male,Single,Other,63148,668,46750,16,Car Loan,3.919468824,0,0
65,Female,Single,Hispanic,111218,683,24953,8,Home Loan,10.9683964,0,0
33,Female,Married,White,22224,361,45475,26,Home Loan,5.850720175,1,0
20,Male,Married,Other,68695,804,22130,11,Education Loan,8.871351133,1,0
37,Female,Married,Black,52441,538,36086,21,Car Loan,6.433079064,1,0
41,Female,Single,Black,59129,494,9633,21,Home Loan,11.67322411,1,0
50,Male,Married,White,82368,521,22304,18,Home Loan,14.34368448,0,0
41,Female,Married,Hispanic,112122,360,47037,23,Home Loan,14.00492135,0,0
69,Female,Single,Other,64760,428,37284,29,Personal Loan,10.00111458,0,1
28,Female,Married,Asian,43478,455,12008,24,Home Loan,8.551323639,1,0
66,Male,Married,White,91854,677,32405,10,Education Loan,12.81960611,1,0
25,Male,Married,Hispanic,114230,736,41386,13,Car Loan,11.19991635,0,0
53,Male,Married,Asian,105716,506,30373,17,Car Loan,5.202769371,1,0
55,Female,Single,Black,32180,687,25827,18,Home Loan,12.85103056,0,0
57,Female,Married,Black,118538,779,38040,10,Home Loan,8.146612673,1,0
37,Male,Married,Asian,35372,639,18007,16,Home Loan,5.26782792,1,0
52,Female,Single,White,49796,639,23157,20,Car Loan,6.381568205,0,1
65,Female,Married,Black,78272,503,37157,5,Car Loan,6.210324363,0,1
42,Female,Single,Other,109963,460,40315,13,Personal Loan,9.230483695,1,1
52,Female,Married,Asian,118826,839,40932,18,Education Loan,5.812441088,1,0
42,Female,Single,Asian,113635,691,26164,17,Personal Loan,4.482797849,1,0
46,Male,Single,Black,74040,833,19414,9,Education Loan,4.484290207,1,0
35,Female,Single,White,95357,369,19327,14,Personal Loan,9.999314366,1,0
63,Male,Single,Other,91368,704,5946,17,Car Loan,11.81711147,0,0
35,Female,Married,White,98356,816,19693,29,Personal Loan,6.858396106,0,0
19,Male,Single,Hispanic,36211,419,32241,4,Education Loan,3.415808518,1,0
52,Female,Married,Hispanic,25842,516,35254,18,Home Loan,4.526698643,0,0
33,Male,Single,Black,83115,355,20540,27,Education Loan,13.97633472,1,0
58,Female,Single,Black,86852,665,11719,20,Home Loan,8.922523915,0,0
53,Male,Single,Black,65968,803,46203,24,Car Loan,8.442873715,0,0
50,Female,Married,Hispanic,37508,754,30081,24,Education Loan,3.45659014,0,0
21,Male,Single,White,42005,403,16350,15,Personal Loan,11.74364427,1,0
50,Female,Married,White,74575,376,41358,11,Education Loan,9.336816971,0,0
31,Male,Married,Black,100742,529,37021,12,Home Loan,5.424971233,1,1
38,Male,Married,Other,38971,557,47832,9,Car Loan,4.320885122,1,0
65,Female,Married,White,45599,563,33369,13,Personal Loan,7.600654364,1,1
37,Female,Married,Hispanic,107592,630,36728,15,Education Loan,13.04594357,1,0
25,Male,Married,Asian,86914,481,22576,27,Home Loan,13.38353471,0,0
24,Female,Married,Asian,87055,849,34001,15,Personal Loan,10.23415656,1,0
20,Male,Married,Asian,107697,326,22848,28,Car Loan,11.73043713,0,0
34,Male,Married,Other,25355,575,5390,5,Personal Loan,4.381869449,1,0
50,Male,Single,Black,74120,598,26999,23,Car Loan,10.05751279,0,0
65,Female,Single,Hispanic,94619,390,16569,19,Personal Loan,11.00358844,1,0
29,Male,Single,Other,58342,779,18029,26,Education Loan,5.408554115,1,0
68,Male,Single,Hispanic,105992,757,27490,20,Home Loan,13.56185679,1,0
39,Female,Single,Hispanic,98860,750,40328,26,Education Loan,5.33996085,1,0
39,Female,Married,Black,22257,664,10867,25,Education Loan,6.761728318,1,0
63,Female,Married,Asian,47364,650,20284,26,Car Loan,10.44668216,0,0
47,Female,Married,Black,44972,699,38979,26,Car Loan,10.66020078,1,0
55,Male,Married,Other,46654,552,14121,14,Car Loan,11.39261689,0,0
55,Male,Married,Other,100769,758,6539,28,Education Loan,4.344140557,1,0
62,Male,Married,Other,101423,798,30488,17,Personal Loan,13.19357316,1,0
68,Male,Married,Black,49320,807,22027,18,Personal Loan,9.394165587,1,0
25,Female,Single,Hispanic,40808,603,13693,21,Education Loan,8.655861529,1,0
44,Male,Single,Hispanic,72389,800,13921,3,Education Loan,14.77317149,1,0
44,Male,Single,White,115690,465,15310,2,Home Loan,11.88453956,1,0
51,Female,Single,Other,54773,714,35908,1,Car Loan,4.416072319,0,0
38,Male,Married,Hispanic,71168,761,9386,10,Car Loan,12.07847001,1,0
47,Male,Married,White,47747,413,37263,19,Education Loan,4.142987208,1,0
50,Male,Married,Hispanic,96396,732,33412,17,Education Loan,3.32964675,1,0
45,Male,Single,Other,103692,655,22303,12,Personal Loan,7.843510743,1,0
64,Male,Married,Asian,77505,506,17242,1,Education Loan,14.92293807,0,0
50,Male,Married,Other,105896,534,13947,12,Personal Loan,5.098607234,0,0
22,Female,Married,Black,38135,741,10930,17,Education Loan,11.07173212,1,0
65,Female,Single,Hispanic,110887,654,43170,24,Home Loan,5.080752794,0,0
36,Male,Married,Hispanic,116035,814,5507,3,Home Loan,11.6974437,0,0
21,Male,Single,Black,67377,507,6436,11,Personal Loan,9.064244019,1,0
52,Female,Single,Black,43554,424,32151,17,Car Loan,11.15966052,1,0
66,Male,Single,Asian,82491,437,16618,23,Home Loan,5.434478111,1,0
34,Male,Single,Hispanic,75621,638,13750,26,Personal Loan,11.94753999,0,0
61,Male,Married,Hispanic,78283,836,21122,3,Education Loan,14.94742872,1,0
45,Female,Single,Asian,105140,367,12354,8,Education Loan,10.98780601,0,0
47,Male,Single,White,36923,840,49062,20,Personal Loan,8.921759977,1,0
46,Female,Married,Asian,67591,682,35979,4,Car Loan,14.07808786,0,0
63,Male,Married,Other,82261,318,25900,21,Personal Loan,3.190222107,1,0
23,Female,Single,Hispanic,74336,749,18840,22,Personal Loan,11.75908223,1,0
52,Female,Married,Black,94083,373,42167,7,Home Loan,13.6649582,1,1
58,Male,Single,Other,80948,575,10037,14,Personal Loan,3.740095003,1,0
54,Female,Single,Hispanic,53002,347,33633,14,Personal Loan,8.400770045,1,0
41,Male,Single,Asian,100098,510,29495,4,Education Loan,5.456633447,0,0
46,Female,Single,Other,93016,839,20848,16,Home Loan,9.798217987,1,0
66,Male,Married,Hispanic,46672,490,41483,24,Education Loan,10.7945155,0,1
63,Male,Single,White,24213,614,12837,29,Education Loan,6.631478195,1,0
48,Female,Married,White,30293,412,39069,22,Car Loan,8.519780036,1,0
52,Male,Married,Black,119977,469,12370,1,Car Loan,6.352073823,0,0
50,Male,Married,Hispanic,75860,767,11411,17,Home Loan,7.432693973,1,0
69,Female,Married,White,82507,313,44133,25,Home Loan,4.91447948,0,0
38,Male,Single,Asian,77134,587,35499,10,Car Loan,13.62671332,0,1
49,Male,Married,Hispanic,22100,488,35225,22,Car Loan,3.120124927,1,1
40,Female,Single,Asian,81997,454,5692,16,Car Loan,13.58891024,1,0
50,Female,Married,Asian,48172,770,33926,16,Car Loan,9.86014654,1,0
20,Male,Married,White,40132,374,39246,26,Car Loan,6.97989413,0,0
35,Male,Single,Hispanic,38199,576,44164,8,Education Loan,11.67668551,0,0
42,Female,Single,Other,56609,642,13448,29,Home Loan,9.093025822,1,0
59,Female,Single,White,62965,724,48390,7,Education Loan,8.989303897,0,0
48,Male,Married,White,28016,810,15073,28,Education Loan,4.321707395,0,0
20,Female,Married,Hispanic,59779,481,40414,6,Personal Loan,7.674192311,1,0
57,Male,Single,Hispanic,51881,757,10209,16,Education Loan,5.89277215,1,1
63,Male,Single,Asian,102594,363,11533,20,Car Loan,3.188350867,1,0
41,Male,Single,Hispanic,44472,559,26061,16,Car Loan,7.321195569,0,0
67,Male,Single,Asian,71813,492,12211,7,Personal Loan,4.077865553,0,0
49,Male,Married,White,56021,705,14927,9,Personal Loan,6.081960453,0,0
64,Female,Single,Black,74131,392,16927,14,Personal Loan,4.110199454,1,0
39,Female,Single,Other,44087,729,29594,11,Personal Loan,4.211299507,0,0
40,Female,Single,White,32828,733,14316,26,Personal Loan,5.388135533,1,0
19,Female,Single,Hispanic,81610,703,17177,26,Education Loan,14.99819093,1,0
44,Male,Married,Other,116664,733,15846,14,Personal Loan,3.026209714,1,0
59,Male,Single,Black,21401,411,12933,7,Education Loan,10.66407163,1,0
19,Male,Married,Black,105179,674,43244,1,Home Loan,4.694924376,0,0
43,Male,Single,Asian,35193,358,45696,26,Personal Loan,14.04753764,0,0
34,Female,Single,Other,112389,342,7080,25,Personal Loan,4.12359472,1,0
57,Male,Married,Asian,64864,506,11089,13,Education Loan,14.46075825,0,0
50,Male,Single,White,40307,595,31123,20,Home Loan,10.33111665,1,0
26,Female,Married,Other,39611,417,12797,3,Education Loan,3.015216923,1,0
60,Female,Married,White,63791,831,13346,20,Education Loan,13.72808638,1,1
65,Female,Single,Asian,31950,521,24878,4,Personal Loan,9.260541616,0,0
56,Female,Married,Other,96240,465,38672,29,Car Loan,6.152036824,1,0
46,Male,Married,Asian,97403,455,22653,26,Car Loan,12.20735013,0,0
59,Male,Married,Other,22745,483,47742,11,Education Loan,14.11998665,1,0
43,Female,Married,Asian,75243,389,31140,2,Personal Loan,8.804289878,1,1
52,Male,Married,Black,23866,393,6184,14,Home Loan,6.786641693,1,0
67,Male,Married,Asian,52245,312,39493,12,Car Loan,12.46734149,1,0
42,Male,Married,Black,64724,737,49148,17,Home Loan,11.18142597,1,0
41,Female,Married,Asian,91354,837,29846,12,Car Loan,13.66502981,1,1
30,Male,Single,Other,71374,449,27195,26,Personal Loan,11.31016815,1,1
24,Female,Single,Other,50116,307,10606,12,Education Loan,5.922340067,0,0
53,Male,Married,Other,101029,328,8956,1,Home Loan,14.179911,1,0
62,Male,Single,Hispanic,113574,595,21555,13,Home Loan,4.258028966,1,0
37,Male,Married,White,40447,639,29849,14,Education Loan,6.215313001,0,0
18,Female,Married,Other,50431,738,23690,24,Home Loan,9.242335293,0,0
25,Male,Single,Black,37908,443,31347,2,Car Loan,9.788904313,0,1
63,Female,Married,Other,49336,818,38189,12,Education Loan,3.18372704,0,0
33,Female,Married,Hispanic,60992,344,43308,26,Car Loan,12.36687271,1,1
31,Female,Married,Black,75350,538,30785,21,Car Loan,7.339287821,1,0
29,Male,Married,Hispanic,89561,454,37698,28,Personal Loan,7.877022492,1,0
68,Male,Single,Black,71955,480,20966,16,Car Loan,12.71243453,1,0
40,Male,Married,Asian,81240,514,36097,4,Personal Loan,7.551400701,1,0
32,Male,Married,White,40093,387,20882,8,Home Loan,3.566698518,0,0
45,Female,Married,White,26155,555,9675,2,Home Loan,5.117277246,1,0
51,Female,Single,Hispanic,66607,810,46850,10,Personal Loan,14.47083807,1,1
19,Female,Married,White,53487,372,18009,9,Car Loan,3.844864349,1,0
49,Male,Single,Hispanic,75668,478,32843,23,Education Loan,7.259174412,0,0
40,Female,Single,Hispanic,40963,511,34793,15,Education Loan,9.038150005,1,0
39,Male,Married,Hispanic,70124,533,44516,13,Personal Loan,8.919369928,0,0
68,Female,Married,White,72870,764,43871,23,Home Loan,3.047519316,1,0
42,Male,Single,Hispanic,76547,522,22857,17,Home Loan,9.013952777,0,0
39,Male,Married,White,84110,563,24627,16,Education Loan,7.605269496,1,0
39,Female,Single,Hispanic,73554,506,23565,28,Personal Loan,14.66495203,0,0
66,Female,Single,Other,40936,665,31025,2,Education Loan,4.909909008,0,0
69,Female,Married,Hispanic,24426,575,32832,20,Car Loan,7.249850361,1,1
59,Female,Married,Black,108839,679,49116,20,Car Loan,8.033777821,0,0
23,Male,Single,Hispanic,47606,608,14782,27,Personal Loan,7.688322445,1,0
32,Female,Single,Asian,67832,567,43650,14,Personal Loan,10.98996993,1,0
60,Female,Single,Hispanic,48151,363,27366,3,Car Loan,5.586154291,1,0
54,Female,Single,Black,99303,649,33557,23,Home Loan,5.652858634,0,0
50,Male,Married,Black,31308,793,10798,12,Personal Loan,11.75053138,1,0
25,Male,Married,White,82522,822,14627,8,Car Loan,9.003486224,1,0
61,Female,Married,Other,65671,397,46183,2,Car Loan,7.981868113,1,0
61,Male,Married,Hispanic,110306,370,17466,4,Home Loan,5.03043662,0,0
22,Female,Married,White,114108,663,47614,14,Home Loan,5.250326675,1,0
56,Male,Single,Other,22204,575,17720,16,Home Loan,3.126619642,1,0
21,Male,Married,Hispanic,112769,349,46913,19,Home Loan,4.097115226,0,0
23,Male,Married,Asian,107265,657,42292,2,Education Loan,9.682064336,0,0
62,Male,Married,Hispanic,51131,784,11559,12,Home Loan,13.70247756,1,0
49,Female,Married,Black,72428,383,45388,29,Education Loan,6.445977182,1,0
69,Female,Married,Black,53870,595,24158,14,Personal Loan,6.932966711,1,0
47,Female,Single,Asian,69067,535,35916,6,Car Loan,4.387267327,1,0
64,Male,Single,White,78585,355,27057,13,Education Loan,7.663571347,0,1
52,Female,Single,Other,41607,659,40892,4,Personal Loan,3.446660455,0,0
57,Female,Married,Hispanic,44968,409,46439,22,Personal Loan,14.01120836,1,0
69,Female,Single,Black,118934,491,16706,18,Education Loan,11.07733618,1,0
33,Male,Single,White,31908,392,17070,12,Personal Loan,14.88898571,1,0
30,Male,Married,Asian,46423,359,45902,20,Personal Loan,13.59387795,1,0
67,Male,Married,Black,94707,338,5924,27,Education Loan,8.675887124,0,0
59,Female,Married,Asian,98257,839,31478,22,Personal Loan,9.236220374,1,0
47,Female,Single,Hispanic,81215,348,10506,21,Home Loan,5.286912558,1,1
36,Female,Single,Other,75835,719,40163,19,Home Loan,8.544472114,0,0
34,Male,Married,Black,69429,312,29604,8,Car Loan,13.83633448,1,0
36,Male,Married,Black,102152,335,20310,7,Personal Loan,3.610241084,0,0
45,Female,Single,Hispanic,58458,400,13226,16,Car Loan,13.36268164,0,0
43,Male,Single,White,66169,385,16781,19,Home Loan,7.09137362,1,0
54,Male,Married,Other,27659,815,10515,6,Home Loan,13.79415318,1,0
43,Male,Married,Black,80614,522,41133,20,Home Loan,14.29055888,1,0
40,Male,Single,Other,97240,637,21972,27,Personal Loan,11.05037864,0,0
26,Female,Married,Black,52793,465,37092,21,Personal Loan,10.97308544,0,0
29,Male,Single,Other,66473,682,16410,11,Home Loan,8.433052053,0,0
18,Male,Single,Asian,116762,675,24522,5,Car Loan,13.02648269,0,0
18,Male,Single,Black,109388,770,14095,16,Car Loan,14.5393531,0,0
64,Male,Single,Other,117618,330,28047,7,Education Loan,12.3009816,1,0
51,Female,Married,White,108330,674,25470,27,Home Loan,10.46324081,1,0
49,Female,Married,Asian,75751,310,48129,5,Car Loan,10.28151475,1,0
65,Male,Single,Asian,98915,601,13531,11,Home Loan,13.19363882,1,0
42,Male,Single,White,74254,395,42038,15,Car Loan,9.494445189,1,0
57,Male,Single,Other,27006,489,27403,3,Education Loan,12.64631863,0,0
62,Male,Single,Hispanic,94218,752,47674,26,Education Loan,9.106623062,0,0
18,Male,Single,White,85344,491,34122,5,Home Loan,3.7493313,1,0
33,Male,Married,Other,53840,785,21940,23,Car Loan,7.607364107,1,0
56,Female,Married,White,52430,565,34831,21,Personal Loan,8.333291492,1,0
22,Male,Married,White,43091,723,16279,5,Education Loan,4.69940694,1,0
39,Female,Married,Black,52983,427,43220,9,Home Loan,4.22995595,1,1
46,Female,Single,Other,43989,537,11477,15,Home Loan,9.425579396,1,0
20,Male,Single,Hispanic,95451,654,22400,3,Car Loan,4.021723639,1,0
29,Female,Single,Black,38990,411,11470,29,Home Loan,6.635342015,0,0
43,Female,Single,White,110270,745,7062,6,Education Loan,11.93516371,1,0
33,Female,Single,White,100360,642,46798,17,Home Loan,14.57318615,1,0
68,Female,Married,White,56081,444,24880,26,Home Loan,11.61444697,0,0
54,Female,Single,Other,31033,364,39581,21,Personal Loan,14.91150658,1,0
39,Female,Married,Other,36241,546,49439,8,Personal Loan,11.38005566,1,0
46,Male,Married,Black,25939,789,19308,21,Education Loan,6.525533648,1,0
31,Female,Married,Hispanic,67562,738,31027,25,Car Loan,11.06463049,1,1
45,Female,Married,Black,55063,405,35720,11,Personal Loan,11.42588118,0,0
22,Female,Single,Asian,96721,480,40081,6,Car Loan,7.460723815,1,0
64,Male,Married,White,47045,483,14706,8,Education Loan,3.212566207,1,0
66,Female,Married,White,64769,525,14837,10,Personal Loan,11.43839742,1,0
47,Male,Married,White,67118,388,43599,24,Car Loan,3.260401143,0,0
63,Female,Single,Black,104703,829,41824,29,Personal Loan,10.57425694,0,0
69,Male,Single,Black,41625,670,38073,3,Education Loan,4.963397865,1,0
22,Male,Single,White,47076,698,37088,23,Education Loan,9.787242333,0,0
29,Female,Married,Black,84805,405,33112,14,Personal Loan,9.046956305,0,0
33,Female,Married,Other,64605,570,31299,23,Car Loan,3.162163708,1,1
43,Male,Single,Other,104565,802,39457,14,Home Loan,7.354389804,1,0
43,Female,Married,Black,108509,824,35063,10,Home Loan,10.21309401,1,0
65,Male,Single,White,59121,331,8917,12,Personal Loan,13.18327862,0,0
38,Male,Single,Black,85101,692,7936,6,Car Loan,13.66370537,1,1
56,Male,Married,Black,51433,339,41630,12,Home Loan,8.80619964,1,0
53,Male,Married,Black,63309,517,19506,23,Education Loan,11.74106985,0,0
50,Male,Married,Asian,87468,381,33805,14,Car Loan,6.797454918,0,1
47,Female,Married,Other,64254,500,19318,2,Home Loan,7.106236869,1,1
54,Male,Single,Hispanic,87293,746,31026,9,Car Loan,5.33356223,1,0
40,Male,Single,Hispanic,116258,727,32672,10,Personal Loan,9.74337732,1,0
27,Female,Single,Asian,57853,337,43417,26,Car Loan,6.774769811,0,0
22,Male,Single,Black,58405,510,32281,17,Home Loan,4.012450757,0,0
53,Female,Single,Asian,86652,743,33091,17,Personal Loan,11.22007304,1,0
51,Female,Married,Asian,63527,626,43328,3,Car Loan,11.49303849,0,0
69,Female,Single,White,97227,526,23610,19,Education Loan,7.319909025,1,0
48,Male,Single,Other,20492,347,6079,1,Home Loan,3.920680793,1,0
27,Male,Single,Hispanic,113418,317,34850,12,Personal Loan,8.115572609,0,0
36,Male,Married,Black,28811,738,25590,7,Car Loan,8.308025497,1,0
49,Female,Married,Hispanic,113344,486,35951,4,Education Loan,11.02405062,1,0
18,Male,Married,Hispanic,44272,644,20327,10,Home Loan,6.784996695,1,0
22,Female,Married,Other,113935,523,17755,13,Education Loan,11.19119136,0,0
62,Male,Single,Hispanic,92010,787,12235,2,Car Loan,13.4578625,0,1
21,Female,Single,Hispanic,112492,528,22197,10,Car Loan,5.849832508,1,0
33,Male,Married,Asian,67153,689,26473,21,Personal Loan,14.74703467,1,0
41,Male,Married,Other,74110,487,7031,22,Education Loan,7.636417646,0,0
33,Male,Single,White,33979,569,46282,25,Personal Loan,6.207104222,0,0
19,Female,Single,Black,48328,609,46863,4,Home Loan,8.05813419,0,0
66,Female,Married,Hispanic,32867,431,19287,18,Personal Loan,4.132769711,1,0
45,Male,Married,Black,79234,371,43679,5,Home Loan,4.508470878,1,0
49,Male,Married,White,45851,486,49463,19,Car Loan,7.973208564,1,0
44,Female,Married,Black,51279,785,37230,2,Car Loan,12.14933426,0,0
37,Female,Single,White,116063,490,24037,12,Education Loan,13.80374687,1,0
41,Female,Single,Asian,93402,721,32052,17,Home Loan,10.97781589,0,0
29,Male,Single,Hispanic,35449,419,8340,10,Car Loan,4.262634663,1,0
67,Female,Married,White,96221,519,45644,2,Education Loan,11.06423715,1,0
52,Male,Married,Black,109080,352,6141,6,Education Loan,10.62513505,0,0
50,Female,Single,Hispanic,25451,750,30425,8,Personal Loan,12.66916702,1,0
50,Male,Single,Asian,107178,711,24281,29,Education Loan,12.902984,0,0
68,Female,Single,Hispanic,61316,536,47049,19,Car Loan,13.41843691,0,0
60,Female,Single,White,83064,705,25425,11,Personal Loan,7.969578175,1,0
54,Female,Married,Asian,83761,721,39806,25,Home Loan,11.37437274,1,0
29,Female,Single,Black,58870,546,37113,12,Home Loan,6.219004307,1,0
20,Female,Single,Asian,116566,371,9270,9,Car Loan,14.99203536,1,0
18,Male,Single,Asian,50873,484,47814,2,Car Loan,5.104010897,1,1
50,Female,Single,Other,78627,305,9683,8,Personal Loan,3.12137318,0,0
57,Female,Single,Asian,86155,505,44884,26,Personal Loan,4.785704574,0,0
27,Female,Single,Asian,119186,843,34809,11,Car Loan,12.31046747,1,0
60,Male,Single,Hispanic,45372,686,39552,28,Car Loan,8.361404118,0,0
61,Female,Married,Black,23642,375,8786,21,Home Loan,8.370002974,1,0
46,Male,Married,Hispanic,48001,476,26650,4,Home Loan,14.46027504,0,0
30,Female,Married,Hispanic,54064,648,33706,10,Home Loan,14.0356189,1,0
29,Female,Married,White,114826,554,14190,21,Car Loan,6.734336854,1,0
48,Male,Single,Hispanic,34122,607,43196,20,Education Loan,5.508697545,0,1
63,Female,Married,Other,44820,644,44449,16,Car Loan,13.18178652,0,0
19,Male,Married,Other,88431,426,44661,8,Car Loan,13.87222885,1,0
68,Male,Single,White,75745,586,34709,4,Home Loan,9.499163074,0,0
67,Female,Single,Black,70081,786,19892,29,Car Loan,10.55308453,0,0
52,Male,Married,Black,90902,682,14643,10,Personal Loan,6.082971416,1,0
40,Female,Married,Hispanic,28711,705,14943,12,Car Loan,12.60963226,0,0
34,Female,Single,Hispanic,105132,687,48240,29,Car Loan,10.58546914,1,1
43,Male,Married,Hispanic,38793,824,26042,14,Car Loan,9.042162136,1,0
25,Male,Single,Black,28199,575,48894,16,Car Loan,3.721302673,0,0
46,Male,Single,Asian,96253,799,11869,22,Education Loan,13.99121955,1,0
43,Male,Single,Other,56191,636,45437,18,Car Loan,10.38541704,1,0
27,Female,Single,Asian,30211,780,49306,21,Personal Loan,5.312293136,0,0
43,Female,Married,Asian,83069,572,47833,22,Personal Loan,10.2766334,1,0
51,Male,Single,Black,108896,357,25918,21,Car Loan,11.12956025,0,0
68,Female,Single,Asian,76746,627,33379,12,Home Loan,9.30924404,0,0
58,Female,Married,White,41542,408,47939,18,Education Loan,11.61722086,0,0
24,Female,Single,Hispanic,51312,578,30274,7,Car Loan,9.977447375,0,0
21,Female,Married,White,65242,627,22696,20,Car Loan,14.37323498,0,0
67,Male,Married,Other,113783,614,7962,24,Car Loan,3.644364943,1,0
62,Male,Married,Hispanic,107893,773,18851,23,Home Loan,4.274948502,1,0
28,Female,Single,Asian,75388,410,10296,7,Home Loan,5.084059643,1,0
46,Male,Married,Other,47691,528,19745,9,Home Loan,11.28205285,1,0
53,Male,Married,Hispanic,97960,796,10730,1,Education Loan,10.74715047,1,0
42,Male,Single,Asian,104388,455,18921,26,Personal Loan,13.70470632,1,0
38,Female,Married,White,42601,772,37894,6,Education Loan,11.79452943,1,0
53,Female,Married,Hispanic,38020,571,10602,6,Home Loan,9.100265851,0,0
27,Female,Married,Asian,28155,301,22575,22,Personal Loan,14.90198151,1,0
54,Male,Married,White,89119,810,24023,29,Personal Loan,6.193295474,0,0
26,Female,Married,Other,101051,585,20997,12,Home Loan,12.99829992,0,0
41,Female,Single,Other,56777,312,22750,22,Home Loan,8.121484466,1,1
52,Male,Married,Other,39710,797,46979,12,Education Loan,10.78482167,0,0
66,Female,Married,Other,44532,537,27837,10,Home Loan,11.72722165,0,1
52,Female,Single,Black,38601,393,19997,23,Personal Loan,10.60504905,1,0
65,Male,Single,Hispanic,83227,637,44439,26,Car Loan,4.686087637,1,0
53,Male,Single,Hispanic,24967,470,28067,6,Home Loan,8.315412129,1,0
35,Male,Married,Black,104289,766,25923,17,Home Loan,9.737260535,1,0
66,Female,Single,Asian,40022,442,13876,19,Education Loan,13.18852511,0,0
56,Female,Married,Asian,63463,500,7887,18,Education Loan,8.323748986,0,0
49,Female,Married,Other,94671,479,47422,6,Home Loan,14.02496766,1,0
41,Male,Single,White,25722,663,41854,24,Personal Loan,8.284490676,0,0
40,Male,Single,Asian,47413,778,41948,19,Personal Loan,9.585358311,1,0
49,Female,Married,White,112772,770,7841,10,Car Loan,12.5554282,0,0
54,Female,Single,Hispanic,101050,683,33756,24,Home Loan,9.996812213,1,0
29,Male,Married,White,105867,716,11040,8,Education Loan,14.52261687,1,0
66,Male,Single,Hispanic,103596,607,15304,21,Personal Loan,10.92402997,1,0
30,Male,Single,Black,86732,666,35341,24,Car Loan,9.272513449,1,0
40,Male,Single,Black,32297,300,9758,6,Home Loan,3.283103613,1,0
42,Female,Married,Other,88323,343,22010,21,Personal Loan,7.964794771,0,0
52,Male,Single,Asian,43816,397,36658,25,Home Loan,6.590981031,0,0
58,Female,Married,Other,60695,564,42782,7,Home Loan,11.97726801,0,0
47,Female,Married,Hispanic,39702,439,6375,24,Personal Loan,5.499332102,1,0
34,Female,Married,Other,45242,780,38949,1,Personal Loan,5.462641048,0,1
66,Male,Married,White,75841,536,27092,27,Personal Loan,5.274228519,1,0
37,Male,Single,Hispanic,87712,371,5490,18,Home Loan,4.507387358,0,0
65,Male,Married,Black,105663,489,8729,24,Home Loan,6.732084044,1,1
42,Male,Married,Asian,112764,567,10974,28,Car Loan,13.63106537,1,0
39,Female,Single,Hispanic,73574,620,24680,25,Education Loan,12.29914167,0,0
30,Male,Married,Hispanic,105744,406,23324,20,Home Loan,11.8230146,0,0
36,Male,Single,White,48482,531,36334,12,Education Loan,12.56804167,0,0
66,Female,Married,Asian,29171,341,26398,16,Personal Loan,6.233014672,1,0
53,Male,Single,Black,118932,438,39650,10,Home Loan,13.64930029,1,0
29,Female,Married,Hispanic,23696,572,26292,27,Car Loan,4.647640502,0,0
58,Female,Single,Hispanic,40058,780,40755,10,Car Loan,7.036148721,1,1
36,Female,Married,White,40313,715,43353,14,Education Loan,10.04097743,0,0
29,Female,Married,Other,39149,805,8159,25,Personal Loan,4.23486106,1,0
26,Female,Single,Black,73521,723,37626,20,Education Loan,11.76156225,1,0
24,Female,Single,Asian,65740,706,34351,10,Personal Loan,7.646952578,1,0
45,Female,Single,Hispanic,24956,689,42298,10,Car Loan,12.41286799,0,0
31,Female,Single,Hispanic,95731,641,22065,26,Education Loan,8.914755427,1,0
48,Male,Married,Black,102612,792,26638,25,Car Loan,5.170494293,1,0
69,Male,Married,Other,86641,491,6073,11,Car Loan,11.81714174,0,0
36,Male,Single,Hispanic,83811,798,23771,23,Personal Loan,6.02572747,0,0
64,Male,Married,Black,72160,532,40461,2,Education Loan,8.889723615,1,0
33,Female,Single,White,71313,526,47330,25,Education Loan,3.90639923,1,0
22,Male,Single,Other,83232,670,34320,20,Car Loan,10.41439985,1,0
52,Female,Married,Asian,35417,438,9340,8,Car Loan,10.99029319,1,0
29,Male,Married,Hispanic,44729,448,39924,23,Personal Loan,7.54409052,1,0
42,Male,Married,Black,50099,414,21184,29,Home Loan,14.45307336,0,0
69,Male,Married,White,118134,749,45734,7,Home Loan,13.49002706,0,0
38,Female,Married,Asian,49961,362,7580,8,Car Loan,11.49529099,1,0
53,Male,Married,Black,32602,403,45025,1,Home Loan,11.56382489,1,0
40,Female,Married,Black,29256,572,33967,21,Home Loan,6.028820579,1,0
33,Female,Single,Asian,106120,305,7159,2,Home Loan,10.88178277,1,0
56,Male,Single,White,54681,446,18900,18,Home Loan,5.378475183,1,0
62,Male,Single,White,111328,483,16440,15,Car Loan,4.728038687,1,0
59,Male,Single,Other,107440,327,19678,1,Home Loan,14.99361473,1,0
56,Female,Single,Hispanic,84789,849,17021,5,Home Loan,10.46851118,1,1
31,Male,Married,Asian,63361,418,11772,2,Personal Loan,8.171854472,0,0
48,Female,Single,Asian,84503,592,6627,20,Car Loan,6.457974275,1,0
22,Female,Single,Asian,54540,670,49432,3,Education Loan,10.24704532,0,0
52,Male,Single,White,46536,543,13219,19,Education Loan,3.595122099,1,0
40,Male,Single,Hispanic,104700,517,28464,18,Personal Loan,4.136171886,1,0
46,Female,Single,Other,83043,476,35232,29,Personal Loan,3.394280373,1,0
60,Female,Single,Black,98532,598,47481,22,Car Loan,8.990037999,1,1
28,Female,Single,Black,76575,357,13488,18,Education Loan,10.20727955,0,1
35,Male,Married,Asian,22871,568,39949,14,Home Loan,3.749757136,0,0
64,Female,Married,Hispanic,66002,607,49362,24,Personal Loan,11.65469361,1,0
29,Male,Single,White,69812,587,44932,8,Education Loan,5.764740858,1,0
26,Female,Married,Hispanic,42626,404,23981,29,Car Loan,11.22241745,0,0
27,Female,Married,Hispanic,79979,527,5901,12,Home Loan,14.78276568,1,0
61,Male,Married,White,96057,546,27444,21,Car Loan,11.29327044,1,0
34,Female,Married,Asian,86668,793,47058,10,Personal Loan,13.59831664,1,0
55,Male,Single,Hispanic,119003,382,23061,23,Education Loan,14.37838208,0,0
24,Male,Married,Black,100070,485,7881,20,Education Loan,8.84101258,1,0
63,Female,Married,White,109390,551,34863,17,Education Loan,11.42789975,1,1
30,Male,Married,Other,62998,654,10622,11,Education Loan,13.22363104,1,0
57,Male,Single,Asian,83814,509,6378,2,Home Loan,7.279306954,1,0
59,Female,Single,White,65607,746,22632,26,Home Loan,6.136767799,1,0
26,Male,Single,Other,27812,759,33311,26,Car Loan,14.35918287,1,1
67,Male,Single,Other,81844,771,10650,4,Home Loan,11.715642,0,0
44,Male,Single,Hispanic,90093,669,47224,1,Personal Loan,5.636185601,0,0
19,Female,Single,Hispanic,22179,791,12036,15,Personal Loan,8.389000712,0,0
22,Male,Single,Hispanic,63798,436,44255,13,Education Loan,12.55742123,0,0
46,Female,Married,White,94601,666,27499,8,Personal Loan,9.564755891,1,1
54,Female,Married,White,28275,483,42016,25,Car Loan,10.79942518,1,0
55,Male,Married,Asian,70574,586,9603,4,Home Loan,12.04521842,1,0
36,Male,Single,Hispanic,67857,771,32773,10,Home Loan,10.46411027,0,0
25,Male,Single,Other,40700,674,24937,19,Home Loan,9.480951863,1,0
65,Female,Single,Black,59464,836,17632,18,Personal Loan,11.99537141,0,0
62,Male,Single,Asian,62351,810,35607,5,Home Loan,11.73075643,0,0
18,Male,Single,White,113330,549,31337,19,Education Loan,10.5584688,0,0
39,Male,Married,Asian,114319,809,5220,26,Education Loan,7.317472961,1,0
69,Male,Married,Asian,102534,372,9818,23,Education Loan,7.869745106,0,0
34,Male,Single,Asian,33869,581,12349,27,Personal Loan,14.64526259,1,0
24,Female,Single,Asian,80315,659,10618,22,Home Loan,4.348631187,0,0
42,Female,Single,Black,113688,309,32464,16,Personal Loan,6.222059007,1,0
62,Male,Single,Hispanic,40954,510,47624,1,Home Loan,8.90882111,1,0
21,Male,Married,Other,51555,451,42344,12,Car Loan,13.04075623,1,0
53,Male,Single,Asian,83353,304,23255,24,Car Loan,4.964107965,1,1
23,Male,Single,Asian,102190,494,29299,2,Personal Loan,6.323455417,1,0
48,Female,Single,Asian,65026,582,6462,21,Education Loan,3.789578614,1,0
36,Male,Single,Hispanic,66976,763,20905,25,Personal Loan,11.47182319,1,0
61,Female,Married,White,100578,412,29920,8,Education Loan,5.858513226,0,1
56,Female,Single,White,111502,570,21252,18,Home Loan,7.664097008,0,0
44,Male,Single,Black,65095,462,46004,25,Education Loan,8.324417364,0,0
27,Female,Married,White,34270,759,45581,16,Education Loan,13.69576723,1,0
43,Female,Married,Asian,50908,404,39836,5,Home Loan,7.935963484,1,0
36,Female,Married,Asian,35523,581,10753,26,Car Loan,4.742700239,1,0
56,Female,Single,Asian,82433,461,45005,22,Home Loan,9.29177926,1,0
20,Male,Single,Black,67068,650,19175,13,Personal Loan,14.55549594,1,0
62,Male,Married,Asian,39991,733,11191,19,Personal Loan,10.29222769,1,0
30,Female,Married,White,30775,439,22898,29,Personal Loan,14.80064665,1,0
67,Male,Married,Hispanic,97801,770,23982,3,Personal Loan,13.09328771,0,1
45,Male,Married,Hispanic,104995,431,19622,26,Personal Loan,3.431589075,1,0
37,Male,Married,Other,81250,386,6001,8,Car Loan,10.90079514,0,0
45,Male,Married,White,36673,482,48000,27,Car Loan,6.441202531,1,0
25,Male,Single,Asian,47056,667,28283,26,Education Loan,9.715402268,0,0
58,Female,Single,Hispanic,26614,428,26435,26,Personal Loan,6.352142291,1,0
56,Male,Single,White,27415,545,32223,12,Home Loan,7.186444999,1,1
18,Male,Married,Hispanic,108691,677,42244,2,Personal Loan,14.07802454,0,1
20,Male,Married,Asian,63884,448,35024,11,Car Loan,5.479718219,0,0
30,Male,Married,Hispanic,36964,732,35734,12,Personal Loan,13.48930942,1,0
45,Female,Married,Other,57726,768,5515,28,Car Loan,3.365493697,1,0
66,Female,Married,Other,57044,745,6191,18,Education Loan,4.09051846,1,0
42,Female,Married,Hispanic,77149,780,37264,13,Education Loan,13.2561005,1,0
50,Female,Single,White,57544,593,48628,5,Education Loan,10.56667237,0,0
55,Male,Single,White,69976,442,11297,22,Car Loan,11.96683366,1,0
23,Female,Married,White,52252,549,32856,12,Personal Loan,5.51301205,1,0
61,Male,Single,Hispanic,23832,601,13334,2,Personal Loan,9.445001467,1,0
62,Male,Married,White,110811,324,29162,5,Home Loan,11.84663068,0,0
49,Male,Single,Asian,100437,369,11008,7,Car Loan,10.52776964,1,0
62,Male,Married,Other,54148,411,12987,26,Home Loan,8.660385203,1,0
64,Male,Married,Asian,81240,663,35966,26,Education Loan,14.51740544,1,0
38,Female,Single,White,108454,602,8332,24,Personal Loan,11.113888,1,0
33,Female,Single,Asian,105076,770,5787,12,Car Loan,13.8930096,1,0
38,Female,Married,White,97116,390,43990,16,Home Loan,11.75724614,1,0
28,Female,Married,Hispanic,73459,829,14873,23,Home Loan,11.82556234,0,0
54,Male,Single,Asian,58402,491,22006,8,Home Loan,3.960219237,1,0
53,Female,Single,Hispanic,77727,541,25225,28,Personal Loan,7.313575462,1,0
52,Male,Married,Hispanic,58578,437,41444,9,Personal Loan,13.30043288,0,1
36,Female,Single,Black,110453,644,40340,15,Personal Loan,5.791246346,0,0
37,Male,Married,White,42318,479,44683,5,Car Loan,4.386070394,1,0
35,Male,Married,Other,95715,802,10033,13,Personal Loan,6.91327268,0,0
64,Female,Married,White,97787,502,12788,5,Car Loan,5.645254619,1,0
58,Male,Married,Other,105029,491,20689,11,Home Loan,14.10345834,1,0
66,Male,Single,White,40466,304,49220,10,Home Loan,13.4155997,0,0
31,Female,Single,Hispanic,115742,536,26598,20,Education Loan,8.996198763,0,0
32,Male,Single,Asian,65475,610,42480,13,Personal Loan,3.736126494,1,1
48,Female,Single,Asian,80142,848,34703,9,Home Loan,11.57474815,1,0
18,Female,Single,Black,105160,355,5066,21,Personal Loan,10.48094078,0,0
20,Female,Single,Other,46564,742,12533,14,Car Loan,14.64665605,1,0
33,Male,Single,Other,42412,536,20103,18,Home Loan,9.707438883,1,0
40,Male,Married,Other,113526,496,9616,15,Personal Loan,7.036724681,1,0
28,Male,Single,Hispanic,71001,813,43498,10,Home Loan,9.228260323,1,0
29,Female,Single,Other,77649,748,48492,24,Home Loan,14.7511595,1,0
27,Male,Married,Asian,80957,659,16772,7,Personal Loan,11.35634919,1,0
49,Female,Single,Hispanic,55517,329,28849,8,Home Loan,11.06371366,0,0
33,Female,Single,White,33156,407,17940,28,Home Loan,5.888179077,1,0
25,Male,Married,Other,43064,744,21932,3,Home Loan,11.92323021,1,0
55,Female,Single,Other,45711,737,34769,15,Home Loan,12.00326195,0,1
29,Male,Single,White,50106,756,29648,16,Car Loan,6.807467805,1,1
41,Male,Single,Other,85458,794,37966,4,Home Loan,8.804565989,1,0
45,Male,Married,White,36589,546,32777,21,Education Loan,6.535239995,1,0
25,Male,Single,Hispanic,109272,842,37567,6,Home Loan,6.104460844,1,0
45,Male,Single,Asian,106511,738,22174,1,Personal Loan,3.310752843,0,1
53,Female,Married,White,27214,577,47598,4,Education Loan,6.422540936,1,0
43,Female,Single,Black,116117,410,18798,11,Car Loan,9.647639399,1,0
25,Female,Married,White,105731,684,22558,12,Education Loan,3.019214251,0,0
67,Male,Married,Other,47127,490,49237,26,Education Loan,6.398629006,1,0
45,Male,Single,Hispanic,25141,789,5178,29,Education Loan,13.57692399,1,0
45,Male,Married,Hispanic,48884,725,25470,5,Personal Loan,10.12378302,0,0
54,Female,Married,White,110421,704,22118,23,Personal Loan,10.29435389,1,1
58,Male,Single,Asian,22708,634,27616,29,Personal Loan,7.84037166,0,0
53,Female,Married,Black,38375,508,5798,21,Car Loan,11.11766572,0,0
44,Female,Married,Hispanic,35088,321,12601,16,Personal Loan,5.279193195,0,0
34,Male,Single,Other,77615,507,30363,13,Personal Loan,12.82496172,0,0
26,Male,Single,Other,65046,307,7795,13,Education Loan,4.400269439,1,0
50,Female,Single,Asian,30014,828,36926,17,Personal Loan,10.87201626,0,0
37,Male,Married,Hispanic,84425,465,42356,27,Home Loan,7.09379191,1,0
30,Female,Single,White,23273,795,12297,7,Personal Loan,11.97015565,0,1
45,Male,Married,Other,67135,728,8084,8,Car Loan,9.597174615,1,0
65,Male,Married,Asian,50881,462,35329,13,Car Loan,8.428236462,1,0
46,Female,Married,Hispanic,117022,665,16110,23,Home Loan,5.033068825,1,0
30,Male,Married,Hispanic,98077,825,5731,27,Car Loan,10.64185757,0,0
63,Female,Married,Hispanic,28712,538,6129,16,Car Loan,14.69723812,1,1
52,Male,Married,Hispanic,94704,371,33022,29,Education Loan,12.9072411,0,0
23,Female,Married,Hispanic,72874,744,6605,4,Home Loan,3.720098311,1,0
35,Female,Single,Other,89087,808,16970,8,Education Loan,7.51475254,1,0
68,Male,Single,Asian,32297,568,48705,16,Education Loan,14.10699611,1,0
22,Female,Married,Hispanic,47128,714,49130,21,Personal Loan,9.036524971,1,0
64,Male,Married,Black,88368,544,34265,10,Home Loan,10.94534191,0,0
42,Male,Single,Black,114019,359,37330,25,Personal Loan,13.95119215,1,0
19,Male,Married,Asian,107599,305,7933,12,Personal Loan,13.48553629,1,0
27,Female,Single,White,108499,706,20187,12,Education Loan,9.021844506,1,0
47,Female,Single,White,98958,516,30791,26,Car Loan,8.251755632,1,0
67,Male,Single,White,52920,325,29900,5,Home Loan,7.076311422,0,0
62,Male,Married,Black,31156,304,10074,16,Car Loan,11.62823332,0,0
22,Female,Married,White,31108,831,31426,1,Education Loan,6.443841594,1,0
50,Male,Single,Other,51845,689,44867,28,Education Loan,5.998651277,1,0
18,Male,Single,Hispanic,22800,747,5893,9,Education Loan,7.274998735,1,0
35,Female,Single,Black,62712,445,39158,12,Education Loan,5.126580683,1,0
49,Male,Single,Asian,22610,687,24773,5,Education Loan,11.34143779,0,0
64,Female,Single,Asian,97603,548,9239,22,Education Loan,10.39488779,1,0
66,Male,Married,Hispanic,53872,825,25863,20,Car Loan,8.794542409,1,0
28,Female,Single,Black,30728,761,8432,22,Personal Loan,7.683909351,1,0
38,Male,Married,White,115102,312,40139,28,Car Loan,13.90875051,1,1
43,Male,Single,White,115319,683,6515,24,Home Loan,3.34948542,0,0
42,Female,Married,Other,40583,698,36670,3,Car Loan,12.22929292,0,0
39,Male,Married,Other,105774,318,44094,5,Education Loan,13.82291486,1,0
44,Female,Married,White,27263,790,19605,2,Car Loan,8.356254953,0,0
66,Male,Married,Asian,87450,718,10586,14,Personal Loan,9.608285898,0,0
30,Female,Married,Asian,109285,636,40685,2,Home Loan,14.33356425,1,0
50,Female,Married,Other,39456,718,36186,13,Car Loan,5.547330183,0,0
51,Female,Single,Hispanic,111118,421,31928,7,Personal Loan,9.241618173,1,0
58,Female,Married,White,85942,731,37728,10,Car Loan,8.696653526,1,0
52,Male,Single,Other,33689,343,22551,13,Home Loan,6.100711774,1,0
18,Male,Married,Other,52934,616,26493,16,Car Loan,12.82311876,1,0
38,Female,Married,White,53276,680,25711,26,Education Loan,13.79520714,1,0
65,Female,Single,White,39873,444,25039,14,Car Loan,12.38319096,1,0
23,Female,Married,Asian,33050,626,41561,11,Personal Loan,5.34430753,1,0
45,Male,Single,Hispanic,86216,662,14947,10,Car Loan,4.040983626,0,0
34,Male,Single,Hispanic,104444,349,37335,6,Personal Loan,10.26533382,1,0
22,Male,Single,White,104040,364,20859,4,Home Loan,3.685137126,1,0
48,Male,Single,Black,41644,654,28122,21,Car Loan,11.07391066,1,1
22,Female,Married,Other,82021,463,6577,1,Home Loan,9.365090644,0,0
55,Female,Married,Other,57125,440,47256,7,Home Loan,10.95342879,1,1
20,Female,Single,White,86899,427,33350,24,Car Loan,10.08204928,0,0
40,Male,Married,Black,62291,697,46932,9,Personal Loan,8.072430834,1,0
54,Male,Married,Asian,55060,762,38798,8,Home Loan,5.410526162,1,0
54,Male,Single,White,21538,486,36898,5,Home Loan,6.66842563,0,0
27,Female,Married,White,56176,489,20881,19,Car Loan,9.294006891,1,0
27,Female,Single,Other,61520,687,15785,10,Car Loan,10.82241712,0,0
36,Male,Single,White,45675,728,11691,11,Car Loan,12.3537962,1,1
34,Female,Married,White,38287,583,22297,25,Car Loan,12.20604862,0,0
38,Male,Married,White,20174,536,11358,15,Car Loan,14.67226492,1,0
31,Male,Married,Other,112268,493,24581,6,Education Loan,6.430097384,0,0
26,Female,Single,Asian,54998,586,6462,15,Car Loan,3.853328499,0,0
63,Male,Single,Asian,73312,435,20511,5,Personal Loan,7.147883227,1,0
18,Female,Married,White,32112,470,15570,29,Home Loan,11.9195337,0,0
68,Male,Married,Other,95225,458,49414,19,Personal Loan,8.257339812,1,0
62,Female,Married,Asian,64814,500,20474,22,Personal Loan,12.81346117,0,0
30,Female,Married,Asian,105091,786,12037,19,Education Loan,9.591916382,1,0
21,Female,Single,Asian,70719,803,33129,10,Car Loan,14.15750067,1,0
18,Male,Married,Other,53919,670,47267,12,Home Loan,14.3743613,1,1
66,Male,Single,Other,93155,402,18386,22,Personal Loan,3.831654072,1,0
57,Female,Single,White,91569,424,11221,4,Car Loan,8.476961277,1,0
49,Female,Married,Hispanic,61328,612,28474,18,Car Loan,10.31626873,0,1
51,Male,Married,Asian,90482,757,45537,16,Education Loan,6.07047049,0,0
45,Male,Married,Hispanic,44618,529,26045,8,Education Loan,7.884921353,1,0
48,Male,Single,Other,54675,496,30783,4,Education Loan,11.13217849,1,0
25,Female,Married,Other,38919,722,45157,25,Home Loan,5.720810723,1,0
56,Male,Married,Other,24173,470,9922,23,Personal Loan,10.22377624,0,0
43,Male,Single,Hispanic,46400,681,27706,12,Education Loan,11.36937394,0,0
51,Female,Married,Other,70445,472,47771,2,Education Loan,4.085955733,0,0
20,Male,Single,White,90305,752,37479,4,Education Loan,8.970351792,1,0
67,Male,Married,Other,57564,649,10178,5,Personal Loan,6.156960359,1,0
29,Male,Single,Black,65814,793,35022,3,Personal Loan,11.69263627,0,1
18,Female,Married,Hispanic,99747,303,20240,9,Education Loan,5.274666102,1,0
61,Female,Married,Black,108791,392,31220,29,Education Loan,13.70685499,1,0
22,Female,Single,Other,47962,305,41736,21,Car Loan,8.171296038,1,0
47,Female,Single,White,104892,587,7716,18,Education Loan,5.376036364,0,0
47,Female,Married,Asian,105842,445,21574,11,Home Loan,8.256261556,1,1
34,Female,Single,Other,90533,723,22719,3,Home Loan,7.904925154,1,0
65,Female,Single,White,76184,756,13181,25,Education Loan,8.147027514,1,0
64,Male,Single,Hispanic,102912,501,49066,23,Personal Loan,10.02673552,1,0
40,Male,Single,Black,30578,511,25213,2,Car Loan,9.254084699,0,0
32,Female,Married,Black,38624,305,11380,9,Personal Loan,4.79732558,0,0
54,Male,Married,Black,59194,675,5615,14,Education Loan,3.786948872,1,0
38,Male,Single,Hispanic,20389,746,5463,4,Home Loan,11.75298538,0,1
31,Female,Single,White,119303,405,36973,29,Car Loan,9.716609231,1,0
19,Male,Single,Hispanic,87391,700,14158,9,Personal Loan,7.308009217,1,1
28,Male,Single,Black,33794,395,25651,13,Personal Loan,12.70029387,1,0
68,Male,Married,Other,78002,687,8158,18,Education Loan,7.656701691,0,0
56,Male,Married,Asian,55531,751,25008,15,Car Loan,12.55158108,0,1
55,Male,Single,Hispanic,72815,715,9938,28,Home Loan,6.66907353,1,1
51,Female,Single,Hispanic,24986,803,43185,10,Education Loan,3.874143571,0,0
55,Female,Single,White,52298,753,27388,16,Car Loan,14.19167633,1,0
67,Female,Married,White,21481,590,13881,12,Personal Loan,7.734613551,1,0
51,Male,Single,Hispanic,76408,833,10603,20,Education Loan,12.51231087,1,0
35,Female,Married,Black,89267,492,39980,5,Personal Loan,6.349729599,1,0
47,Male,Single,Asian,36835,449,27504,2,Personal Loan,10.75638135,0,0
32,Male,Married,White,47798,814,21766,10,Education Loan,13.47973048,0,0
44,Male,Single,Black,111649,692,33386,1,Education Loan,3.499728268,1,0
68,Male,Married,Other,84887,615,16695,7,Education Loan,12.96762918,1,0
51,Female,Single,White,39477,375,22796,26,Education Loan,9.85599606,1,0
69,Female,Single,Black,37266,569,47543,17,Education Loan,10.28966105,1,0
55,Male,Single,Black,106328,524,19559,16,Personal Loan,9.27789601,1,0
50,Female,Married,Asian,105988,829,43914,27,Home Loan,13.49370124,0,0
41,Male,Single,Asian,63526,412,38139,27,Home Loan,3.521200287,0,0
32,Female,Married,Other,31889,550,43333,24,Education Loan,6.132340698,1,1
47,Female,Married,Black,44335,532,13802,3,Personal Loan,13.50915047,0,1
59,Male,Single,Black,31254,382,13307,14,Home Loan,12.02814843,1,1
68,Female,Single,Asian,106610,424,45205,10,Home Loan,3.211741922,1,0
34,Male,Single,White,31442,474,38214,22,Home Loan,9.204075399,1,0
22,Female,Married,White,66289,368,39159,7,Personal Loan,9.354872169,1,0
46,Male,Single,Hispanic,73747,346,16516,26,Education Loan,7.810585622,0,0
21,Male,Married,Asian,57327,555,34086,17,Education Loan,6.568719985,0,0
27,Female,Married,Hispanic,36199,329,35480,6,Education Loan,11.1806982,1,0
34,Female,Single,Asian,92827,580,49659,23,Car Loan,5.493485576,1,0
27,Male,Single,Other,20112,536,43737,22,Car Loan,12.58738274,1,0
34,Female,Single,Black,107051,547,14265,4,Car Loan,12.63644593,1,0
37,Female,Single,Other,39581,667,10454,17,Personal Loan,7.983137251,0,0
41,Male,Single,Asian,79722,794,40918,27,Home Loan,6.402576131,1,0
22,Male,Single,Black,112036,324,31181,9,Home Loan,6.406538179,1,0
51,Female,Married,White,117562,789,20386,4,Personal Loan,8.787495888,0,0
23,Male,Married,White,36523,793,44182,7,Personal Loan,11.6349507,1,0
19,Male,Married,Hispanic,86960,613,42425,23,Education Loan,7.306424292,1,0
30,Male,Single,Asian,39552,674,48254,2,Education Loan,10.32052015,1,1
60,Female,Married,Asian,30808,324,29327,17,Car Loan,7.589813527,0,0
60,Female,Married,White,92525,633,26181,24,Car Loan,6.65427827,1,0
65,Male,Married,Other,43620,654,26452,8,Personal Loan,3.298314191,0,0
28,Female,Married,Black,20887,415,43248,23,Car Loan,3.046969269,0,0
68,Male,Married,Other,51802,347,45801,15,Home Loan,5.726492134,1,0
64,Female,Single,Other,105024,398,38751,15,Personal Loan,7.876875442,1,0
40,Male,Single,White,115549,758,26991,8,Personal Loan,13.21513401,1,0
33,Male,Married,White,101938,822,46311,16,Home Loan,12.58181092,0,1
48,Female,Married,White,106741,704,14916,19,Education Loan,6.205983151,0,0
28,Male,Married,Hispanic,46049,513,15143,11,Education Loan,5.934485316,1,0
33,Female,Single,Other,97789,802,30855,2,Home Loan,5.727864853,0,0
25,Female,Single,Asian,104526,747,20581,23,Home Loan,7.070848086,0,0
21,Male,Married,Black,27846,557,6907,24,Car Loan,8.978384635,0,0
57,Male,Single,Hispanic,110563,420,34424,17,Personal Loan,8.264013264,1,0
21,Female,Single,Asian,66220,353,28308,28,Car Loan,5.619278385,0,0
42,Male,Married,Other,66163,630,46984,26,Home Loan,4.565416919,1,0
20,Male,Single,White,23765,540,46505,16,Car Loan,3.15093375,0,0
49,Male,Single,Other,101486,829,41942,25,Home Loan,4.847558864,0,0
20,Male,Married,Black,65270,782,31957,15,Car Loan,11.46427644,1,0
44,Male,Single,Hispanic,95277,486,30464,13,Car Loan,5.923662832,0,0
46,Female,Single,Hispanic,108278,561,28649,15,Education Loan,8.623221721,1,1
49,Female,Married,Black,110239,663,47065,27,Home Loan,10.09561379,0,0
67,Male,Single,Asian,42931,790,32125,4,Car Loan,13.64209083,1,0
68,Male,Single,Asian,109116,730,39758,16,Personal Loan,13.66626118,0,0
36,Male,Married,Hispanic,75633,538,10596,12,Car Loan,11.9488048,0,0
38,Female,Married,Hispanic,100702,603,21374,4,Car Loan,3.421883905,1,1
22,Male,Married,White,71913,597,8775,3,Personal Loan,9.900845029,1,0
35,Female,Single,Asian,114776,375,32388,22,Home Loan,12.43900165,0,0
45,Female,Married,Black,45991,632,26029,17,Education Loan,3.207456537,1,0
59,Female,Single,Asian,74845,773,23445,22,Education Loan,9.596215364,1,0
39,Male,Married,White,118505,582,19645,18,Education Loan,13.29316975,1,0
38,Female,Single,Hispanic,75312,371,36105,25,Personal Loan,8.68922491,1,0
23,Male,Married,Hispanic,30561,562,18668,18,Car Loan,3.049274435,0,0
18,Female,Married,White,36901,311,20960,23,Home Loan,3.1321603,1,0
22,Male,Married,Black,115556,440,16357,28,Car Loan,7.999632449,0,0
58,Female,Married,Hispanic,82875,316,42203,17,Education Loan,4.860104009,0,1
29,Male,Single,Other,45917,362,20804,12,Car Loan,10.97340789,1,0
43,Female,Married,Hispanic,82120,552,19626,23,Personal Loan,11.50559118,1,0
63,Male,Married,Other,21988,764,33132,21,Personal Loan,5.134557546,1,0
51,Male,Single,White,34256,675,12951,24,Home Loan,13.66239946,1,0
66,Male,Married,White,107728,819,11449,4,Home Loan,8.30289414,1,0
31,Male,Single,Hispanic,48230,389,24065,12,Education Loan,4.714150891,0,0
43,Female,Married,Asian,79778,474,40967,26,Home Loan,12.17101918,1,0
62,Female,Married,Other,65833,375,44536,23,Car Loan,12.479694,0,0
44,Male,Married,Black,42625,699,14130,22,Personal Loan,10.67154567,1,0
26,Female,Single,Hispanic,52088,370,28824,21,Personal Loan,13.24158664,1,0
43,Male,Married,Black,99650,479,46401,20,Personal Loan,11.84847566,0,0
64,Male,Married,Hispanic,61167,423,41993,15,Home Loan,13.58646885,1,0
39,Female,Married,Asian,91291,680,36875,23,Personal Loan,8.206656582,0,0
64,Male,Single,Asian,85303,592,11054,28,Personal Loan,11.97116554,0,0
47,Male,Single,Asian,96361,494,39273,16,Personal Loan,14.99701876,1,1
60,Female,Married,Asian,108229,527,46821,5,Education Loan,11.69917437,0,0
65,Male,Single,White,24117,730,15832,21,Education Loan,4.370205363,1,0
34,Male,Married,White,110265,735,34670,15,Home Loan,9.219824669,1,0
43,Male,Married,Other,117718,760,27852,17,Personal Loan,10.04817349,1,0
53,Male,Married,Black,80710,320,28620,18,Home Loan,5.090528101,1,0
18,Female,Married,Hispanic,114426,363,33307,5,Personal Loan,14.55469961,1,0
25,Female,Married,Hispanic,114876,464,6551,13,Personal Loan,5.106957332,1,0
66,Female,Married,White,87054,326,32812,19,Personal Loan,5.130695037,1,0
52,Male,Married,Hispanic,50949,610,18799,13,Home Loan,13.98200566,1,0
69,Male,Single,White,42547,584,31312,18,Home Loan,8.582465197,1,0
32,Female,Single,Other,101882,580,44620,14,Personal Loan,3.758259351,0,0
64,Male,Single,Black,88136,463,6449,4,Car Loan,10.17825,0,0
39,Male,Single,Other,84619,523,29426,4,Home Loan,10.22191618,1,0
31,Male,Single,Asian,81842,445,40427,20,Education Loan,3.774009104,1,0
43,Male,Single,Asian,114803,329,45277,20,Home Loan,14.67026995,1,0
45,Female,Single,Asian,46990,344,36551,19,Personal Loan,9.528359584,1,0
40,Female,Married,Other,36193,770,29277,13,Car Loan,9.717548666,1,0
31,Female,Married,Hispanic,50109,333,40489,12,Personal Loan,9.241384974,1,0
41,Male,Married,Black,39233,726,14637,7,Education Loan,10.32878136,1,0
19,Female,Married,Asian,101730,520,48258,25,Home Loan,6.171597033,1,0
62,Female,Single,Asian,54510,833,40693,12,Home Loan,6.446896176,0,1
43,Male,Single,Asian,21306,666,14824,21,Personal Loan,9.136069078,1,0
31,Male,Married,Black,23849,849,31950,4,Personal Loan,12.68023026,1,0
68,Female,Married,Asian,32360,415,28488,27,Education Loan,3.598374918,0,0
24,Female,Single,Black,114767,538,44008,2,Car Loan,10.24085055,1,0
20,Female,Married,Asian,65800,634,5215,2,Education Loan,12.68133771,0,0
64,Female,Married,Other,56963,740,45067,5,Car Loan,4.883007264,1,0
40,Male,Married,Other,74330,447,16523,23,Home Loan,3.180270504,1,0
63,Female,Married,Black,71707,308,15364,10,Car Loan,6.752559542,1,0
60,Female,Single,Other,38689,587,8153,10,Car Loan,10.05772448,1,0
64,Male,Married,Black,49084,687,28834,9,Home Loan,4.659398081,1,0
62,Female,Married,Other,60387,349,39474,13,Home Loan,8.113468452,1,0
35,Male,Single,Other,94816,816,48066,7,Home Loan,9.627857968,0,0
55,Male,Single,Black,22642,577,39335,5,Education Loan,10.18659714,1,0
